Workbook

Sheet Raw Data
A1: 📊 STUDENT PERFORMANCE DATA — DATA INTERPRETATION LAB
A2: Student ID | B2: Student Name | C2: Section | D2: Gender | E2: Math | F2: Science | G2: English | H2: Hindi | I2: Social Studies | J2: Attendance (%) | K2: Study Hours/Day | L2: Stream | M2: Total Marks | N2: Average Marks | O2: Grade | P2: Pass/Fail | Q2: Performance | R2: At-Risk
A3: S001 | B3: Chanpreet Singh | C3: A | D3: Male | E3: 78 | F3: 82 | G3: 75 | H3: 80 | I3: 85 | J3: 88 | K3: 6.5 | L3: Engineering | M3: =SUM(E3:I3) -> 400 | N3: =ROUND(AVERAGE(E3:I3),1) -> 80 | O3: =IF(N3>=90,"A+",IF(N3>=80,"A",IF(N3>=70,"B+",IF(N3>=60,"B",IF(N3>=50,"C",IF(N3>=40,"D","F")))))) -> A | P3: =IF(AND(N3>=40,J3>=60),"PASS","FAIL") -> PASS | Q3: =IF(N3>=85,"Excellent",IF(N3>=70,"Good",IF(N3>=50,"Average","Poor"))) -> Good | R3: =IF(OR(J3<75,N3<50),"⚠ At-Risk","Safe") -> Safe
A4: S002 | B4: Priya Sharma | C4: A | D4: Female | E4: 92 | F4: 95 | G4: 90 | H4: 88 | I4: 94 | J4: 96 | K4: 9 | L4: Engineering | M4: =SUM(E4:I4) -> 459 | N4: =ROUND(AVERAGE(E4:I4),1) -> 91.8 | O4: =IF(N4>=90,"A+",IF(N4>=80,"A",IF(N4>=70,"B+",IF(N4>=60,"B",IF(N4>=50,"C",IF(N4>=40,"D","F")))))) -> A+ | P4: =IF(AND(N4>=40,J4>=60),"PASS","FAIL") -> PASS | Q4: =IF(N4>=85,"Excellent",IF(N4>=70,"Good",IF(N4>=50,"Average","Poor"))) -> Excellent | R4: =IF(OR(J4<75,N4<50),"⚠ At-Risk","Safe") -> Safe
A5: S003 | B5: Karandeeep Singh | C5: B | D5: Male | E5: 55 | F5: 60 | G5: 52 | H5: 58 | I5: 50 | J5: 72 | K5: 3.5 | L5: Commerce | M5: =SUM(E5:I5) -> 275 | N5: =ROUND(AVERAGE(E5:I5),1) -> 55 | O5: =IF(N5>=90,"A+",IF(N5>=80,"A",IF(N5>=70,"B+",IF(N5>=60,"B",IF(N5>=50,"C",IF(N5>=40,"D","F")))))) -> C | P5: =IF(AND(N5>=40,J5>=60),"PASS","FAIL") -> PASS | Q5: =IF(N5>=85,"Excellent",IF(N5>=70,"Good",IF(N5>=50,"Average","Poor"))) -> Average | R5: =IF(OR(J5<75,N5<50),"⚠ At-Risk","Safe") -> ⚠ At-Risk
A6: S004 | B6: Kushi | C6: B | D6: Female | E6: 85 | F6: 88 | G6: 80 | H6: 82 | I6: 87 | J6: 91 | K6: 7.5 | L6: Science | M6: =SUM(E6:I6) -> 422 | N6: =ROUND(AVERAGE(E6:I6),1) -> 84.4 | O6: =IF(N6>=90,"A+",IF(N6>=80,"A",IF(N6>=70,"B+",IF(N6>=60,"B",IF(N6>=50,"C",IF(N6>=40,"D","F")))))) -> A | P6: =IF(AND(N6>=40,J6>=60),"PASS","FAIL") -> PASS | Q6: =IF(N6>=85,"Excellent",IF(N6>=70,"Good",IF(N6>=50,"Average","Poor"))) -> Good | R6: =IF(OR(J6<75,N6<50),"⚠ At-Risk","Safe") -> Safe
A7: S005 | B7: Karan Kumar | C7: A | D7: Male | E7: 40 | F7: 45 | G7: 38 | H7: 42 | I7: 35 | J7: 60 | K7: 2 | L7: Arts | M7: =SUM(E7:I7) -> 200 | N7: =ROUND(AVERAGE(E7:I7),1) -> 40 | O7: =IF(N7>=90,"A+",IF(N7>=80,"A",IF(N7>=70,"B+",IF(N7>=60,"B",IF(N7>=50,"C",IF(N7>=40,"D","F")))))) -> D | P7: =IF(AND(N7>=40,J7>=60),"PASS","FAIL") -> PASS | Q7: =IF(N7>=85,"Excellent",IF(N7>=70,"Good",IF(N7>=50,"Average","Poor"))) -> Poor | R7: =IF(OR(J7<75,N7<50),"⚠ At-Risk","Safe") -> ⚠ At-Risk
A8: S006 | B8: Anjali | C8: C | D8: Female | E8: 70 | F8: 72 | G8: 68 | H8: 75 | I8: 73 | J8: 80 | K8: 5 | L8: Science | M8: =SUM(E8:I8) -> 358 | N8: =ROUND(AVERAGE(E8:I8),1) -> 71.6 | O8: =IF(N8>=90,"A+",IF(N8>=80,"A",IF(N8>=70,"B+",IF(N8>=60,"B",IF(N8>=50,"C",IF(N8>=40,"D","F")))))) -> B+ | P8: =IF(AND(N8>=40,J8>=60),"PASS","FAIL") -> PASS | Q8: =IF(N8>=85,"Excellent",IF(N8>=70,"Good",IF(N8>=50,"Average","Poor"))) -> Good | R8: =IF(OR(J8<75,N8<50),"⚠ At-Risk","Safe") -> Safe
A9: S007 | B9: Bikaramjit | C9: B | D9: Male | E9: 65 | F9: 68 | G9: 70 | H9: 62 | I9: 60 | J9: 75 | K9: 4.5 | L9: Commerce | M9: =SUM(E9:I9) -> 325 | N9: =ROUND(AVERAGE(E9:I9),1) -> 65 | O9: =IF(N9>=90,"A+",IF(N9>=80,"A",IF(N9>=70,"B+",IF(N9>=60,"B",IF(N9>=50,"C",IF(N9>=40,"D","F")))))) -> B | P9: =IF(AND(N9>=40,J9>=60),"PASS","FAIL") -> PASS | Q9: =IF(N9>=85,"Excellent",IF(N9>=70,"Good",IF(N9>=50,"Average","Poor"))) -> Average | R9: =IF(OR(J9<75,N9<50),"⚠ At-Risk","Safe") -> Safe
A10: S008 | B10: Kanika Bansal | C10: A | D10: Female | E10: 95 | F10: 98 | G10: 92 | H10: 96 | I10: 97 | J10: 98 | K10: 9.5 | L10: Engineering | M10: =SUM(E10:I10) -> 478 | N10: =ROUND(AVERAGE(E10:I10),1) -> 95.6 | O10: =IF(N10>=90,"A+",IF(N10>=80,"A",IF(N10>=70,"B+",IF(N10>=60,"B",IF(N10>=50,"C",IF(N10>=40,"D","F")))))) -> A+ | P10: =IF(AND(N10>=40,J10>=60),"PASS","FAIL") -> PASS | Q10: =IF(N10>=85,"Excellent",IF(N10>=70,"Good",IF(N10>=50,"Average","Poor"))) -> Excellent | R10: =IF(OR(J10<75,N10<50),"⚠ At-Risk","Safe") -> Safe
A11: S009 | B11: Kapil | C11: C | D11: Male | E11: 30 | F11: 35 | G11: 28 | H11: 32 | I11: 25 | J11: 55 | K11: 1.5 | L11: Arts | M11: =SUM(E11:I11) -> 150 | N11: =ROUND(AVERAGE(E11:I11),1) -> 30 | O11: =IF(N11>=90,"A+",IF(N11>=80,"A",IF(N11>=70,"B+",IF(N11>=60,"B",IF(N11>=50,"C",IF(N11>=40,"D","F")))))) -> F | P11: =IF(AND(N11>=40,J11>=60),"PASS","FAIL") -> FAIL | Q11: =IF(N11>=85,"Excellent",IF(N11>=70,"Good",IF(N11>=50,"Average","Poor"))) -> Poor | R11: =IF(OR(J11<75,N11<50),"⚠ At-Risk","Safe") -> ⚠ At-Risk
A12: S010 | B12: Priyanka | C12: B | D12: Female | E12: 80 | F12: 78 | G12: 82 | H12: 76 | I12: 79 | J12: 85 | K12: 6 | L12: Science | M12: =SUM(E12:I12) -> 395 | N12: =ROUND(AVERAGE(E12:I12),1) -> 79 | O12: =IF(N12>=90,"A+",IF(N12>=80,"A",IF(N12>=70,"B+",IF(N12>=60,"B",IF(N12>=50,"C",IF(N12>=40,"D","F")))))) -> B+ | P12: =IF(AND(N12>=40,J12>=60),"PASS","FAIL") -> PASS | Q12: =IF(N12>=85,"Excellent",IF(N12>=70,"Good",IF(N12>=50,"Average","Poor"))) -> Good | R12: =IF(OR(J12<75,N12<50),"⚠ At-Risk","Safe") -> Safe
A13: S011 | B13: Yuvraj | C13: A | D13: Male | E13: 88 | F13: 85 | G13: 90 | H13: 87 | I13: 92 | J13: 94 | K13: 8 | L13: Engineering | M13: =SUM(E13:I13) -> 442 | N13: =ROUND(AVERAGE(E13:I13),1) -> 88.4 | O13: =IF(N13>=90,"A+",IF(N13>=80,"A",IF(N13>=70,"B+",IF(N13>=60,"B",IF(N13>=50,"C",IF(N13>=40,"D","F")))))) -> A | P13: =IF(AND(N13>=40,J13>=60),"PASS","FAIL") -> PASS | Q13: =IF(N13>=85,"Excellent",IF(N13>=70,"Good",IF(N13>=50,"Average","Poor"))) -> Excellent | R13: =IF(OR(J13<75,N13<50),"⚠ At-Risk","Safe") -> Safe
A14: S012 | B14: Konika | C14: C | D14: Female | E14: 60 | F14: 65 | G14: 58 | H14: 62 | I14: 55 | J14: 68 | K14: 4 | L14: Commerce | M14: =SUM(E14:I14) -> 300 | N14: =ROUND(AVERAGE(E14:I14),1) -> 60 | O14: =IF(N14>=90,"A+",IF(N14>=80,"A",IF(N14>=70,"B+",IF(N14>=60,"B",IF(N14>=50,"C",IF(N14>=40,"D","F")))))) -> B | P14: =IF(AND(N14>=40,J14>=60),"PASS","FAIL") -> PASS | Q14: =IF(N14>=85,"Excellent",IF(N14>=70,"Good",IF(N14>=50,"Average","Poor"))) -> Average | R14: =IF(OR(J14<75,N14<50),"⚠ At-Risk","Safe") -> ⚠ At-Risk
... A27: S025 | B27: Karampreet | C27: B | D27: Male | E27: 50 | F27: 48 | G27: 55 | H27: 46 | I27: 52 | J27: 64 | K27: 3 | L27: Arts | M27: =SUM(E27:I27) -> 251 | N27: =ROUND(AVERAGE(E27:I27),1) -> 50.2 | O27: =IF(N27>=90,"A+",IF(N27>=80,"A",IF(N27>=70,"B+",IF(N27>=60,"B",IF(N27>=50,"C",IF(N27>=40,"D","F")))))) -> C | P27: =IF(AND(N27>=40,J27>=60),"PASS","FAIL") -> PASS | Q27: =IF(N27>=85,"Excellent",IF(N27>=70,"Good",IF(N27>=50,"Average","Poor"))) -> Average | R27: =IF(OR(J27<75,N27<50),"⚠ At-Risk","Safe") -> ⚠ At-Risk

Sheet Analysis
A1: 📈 STATISTICAL ANALYSIS SHEET
A3: ▶ KEY PERFORMANCE INDICATORS | E3: ▶ SUBJECT-WISE AVERAGES
A4: Total Students | B4: =COUNTA('Raw Data'!A3:A27) -> 25 | E4: Subject | F4: Class Average | G4: Max | H4: Min
A5: Average Marks | B5: =ROUND(AVERAGE('Raw Data'!N3:N27),2) -> 70.07 | E5: Math | F5: =ROUND(AVERAGE('Raw Data'!E3:E27),1) -> 69.8 | G5: =MAX('Raw Data'!E3:E27) -> 97 | H5: =MIN('Raw Data'!E3:E27) -> 30
A6: Highest Score | B6: =MAX('Raw Data'!N3:N27) -> 97 | E6: Science | F6: =ROUND(AVERAGE('Raw Data'!F3:F27),1) -> 71.5 | G6: =MAX('Raw Data'!F3:F27) -> 99 | H6: =MIN('Raw Data'!F3:F27) -> 35
A7: Lowest Score | B7: =MIN('Raw Data'!N3:N27) -> 30 | E7: English | F7: =ROUND(AVERAGE('Raw Data'!G3:G27),1) -> 69.1 | G7: =MAX('Raw Data'!G3:G27) -> 95 | H7: =MIN('Raw Data'!G3:G27) -> 28
A8: Pass Count | B8: =COUNTIF('Raw Data'!P3:P27,"PASS") -> 23 | E8: Hindi | F8: =ROUND(AVERAGE('Raw Data'!H3:H27),1) -> 70.2 | G8: =MAX('Raw Data'!H3:H27) -> 98 | H8: =MIN('Raw Data'!H3:H27) -> 32
A9: Fail Count | B9: =COUNTIF('Raw Data'!P3:P27,"FAIL") -> 2 | E9: Social Studies | F9: =ROUND(AVERAGE('Raw Data'!I3:I27),1) -> 69.7 | G9: =MAX('Raw Data'!I3:I27) -> 97 | H9: =MIN('Raw Data'!I3:I27) -> 25
A10: Pass Percentage | B10: =ROUND(COUNTIF('Raw Data'!P3:P27,"PASS")/COUNTA('Raw Data'!P3:P27)*100,1)&"%" -> 92%
A11: At-Risk Students | B11: =COUNTIF('Raw Data'!R3:R27,"⚠ At-Risk") -> 9
A12: Excellent Students | B12: =COUNTIF('Raw Data'!Q3:Q27,"Excellent") -> 6
A13: Poor Students | B13: =COUNTIF('Raw Data'!Q3:Q27,"Poor") -> 4
A14: Avg Study Hours | B14: =ROUND(AVERAGE('Raw Data'!K3:K27),1) -> 5.5
A15: Avg Attendance % | B15: =ROUND(AVERAGE('Raw Data'!J3:J27),1) -> 79.2
A17: ▶ PERFORMANCE DISTRIBUTION | E17: ▶ GRADE DISTRIBUTION
A18: Category | B18: Count | C18: Percentage | E18: Grade | F18: Count
A19: Excellent | B19: =COUNTIF('Raw Data'!Q3:Q27,"Excellent") -> 6 | C19: =ROUND(COUNTIF('Raw Data'!Q3:Q27,"Excellent")/25*100,1)&"%" -> 24% | E19: A+ | F19: =COUNTIF('Raw Data'!O3:O27,"A+") -> 4
A20: Good | B20: =COUNTIF('Raw Data'!Q3:Q27,"Good") -> 8 | C20: =ROUND(COUNTIF('Raw Data'!Q3:Q27,"Good")/25*100,1)&"%" -> 32% | E20: A | F20: =COUNTIF('Raw Data'!O3:O27,"A") -> 5
A21: Average | B21: =COUNTIF('Raw Data'!Q3:Q27,"Average") -> 7 | C21: =ROUND(COUNTIF('Raw Data'!Q3:Q27,"Average")/25*100,1)&"%" -> 28% | E21: B+ | F21: =COUNTIF('Raw Data'!O3:O27,"B+") -> 5
A22: Poor | B22: =COUNTIF('Raw Data'!Q3:Q27,"Poor") -> 4 | C22: =ROUND(COUNTIF('Raw Data'!Q3:Q27,"Poor")/25*100,1)&"%" -> 16% | E22: B | F22: =COUNTIF('Raw Data'!O3:O27,"B") -> 4
E23: C | F23: =COUNTIF('Raw Data'!O3:O27,"C") -> 3
E24: D | F24: =COUNTIF('Raw Data'!O3:O27,"D") -> 3
E25: F | F25: =COUNTIF('Raw Data'!O3:O27,"F") -> 1
A28: ▶ STUDY HOURS vs MARKS (CORRELATION INSIGHT)
A29: Category | B29: Avg Study Hours | C29: Avg Marks
A30: Excellent | B30: =ROUND(AVERAGEIF('Raw Data'!Q3:Q27,"Excellent",'Raw Data'!K3:K27),1) -> 8.7 | C30: =ROUND(AVERAGEIF('Raw Data'!Q3:Q27,"Excellent",'Raw Data'!N3:N27),1) -> 92.1
A31: Good | B31: =ROUND(AVERAGEIF('Raw Data'!Q3:Q27,"Good",'Raw Data'!K3:K27),1) -> 6.3 | C31: =ROUND(AVERAGEIF('Raw Data'!Q3:Q27,"Good",'Raw Data'!N3:N27),1) -> 78
A32: Average | B32: =ROUND(AVERAGEIF('Raw Data'!Q3:Q27,"Average",'Raw Data'!K3:K27),1) -> 3.9 | C32: =ROUND(AVERAGEIF('Raw Data'!Q3:Q27,"Average",'Raw Data'!N3:N27),1) -> 59.4
A33: Poor | B33: =ROUND(AVERAGEIF('Raw Data'!Q3:Q27,"Poor",'Raw Data'!K3:K27),1) -> 2 | C33: =ROUND(AVERAGEIF('Raw Data'!Q3:Q27,"Poor",'Raw Data'!N3:N27),1) -> 39.9

Sheet Dashboard
A1: 🎓 STUDENT PERFORMANCE PREDICTION & ANALYSIS SYSTEM
A3: Data Interpretation Lab | Interactive Dashboard | Academic Year 2024-25
A5: 👥 Total Students | D5: 📊 Average Marks | G5: ✅ Pass % | J5: 🏆 Top Score | M5: ⚠ At-Risk | P5: ⭐ Excellent
A6: =Analysis!B4 -> 25 | D6: =Analysis!B5 -> 70.07 | G6: =COUNTIF('Raw Data'!P3:P27,"PASS")/25*100 -> 92 | J6: =Analysis!B6 -> 97 | M6: =Analysis!B11 -> 9 | P6: =Analysis!B12 -> 6
A9: ━━━━━━━━━━━━━━━━━━━━━━━━━━━━━━━━━━ CHARTS & VISUALIZATIONS ━━━━━━━━━━━━━━━━━━━━━━━━━━━━━━━━━━━
A56: 📌 Project: Student Performance Prediction & Analysis System | Data Interpretation Lab | Built with Excel

Sheet Prediction
A1: 🔮 PERFORMANCE PREDICTION ENGINE
A3: ▶ INPUT NEW STUDENT DATA FOR PREDICTION
A4: Math Score (out of 100): | B4: 70
A5: Science Score: | B5: 72
A6: English Score: | B6: 68
A7: Hindi Score: | B7: 75
A8: Social Studies Score: | B8: 73
A9: Attendance % : | B9: 80
A10: Study Hours/Day: | B10: 5
A13: ▶ PREDICTED RESULTS
A14: Total Marks | B14: =SUM(B4:B8) -> 358
A15: Average Marks | B15: =ROUND(AVERAGE(B4:B8),1) -> 71.6
A16: Predicted Grade | B16: =IF(B15>=90,"A+",IF(B15>=80,"A",IF(B15>=70,"B+",IF(B15>=60,"B",IF(B15>=50,"C",IF(B15>=40,"D","F")))))) -> B+
A17: Pass/Fail | B17: =IF(AND(B15>=40,B9>=60),"✅ PASS","❌ FAIL") -> ✅ PASS
A18: Performance | B18: =IF(B15>=85,"🏆 Excellent",IF(B15>=70,"✅ Good",IF(B15>=50,"📊 Average","⚠ Poor"))) -> ✅ Good
A19: At-Risk Status | B19: =IF(OR(B9<75,B15<50),"⚠ AT RISK — Needs Intervention","✅ Safe — On Track") -> ✅ Safe — On Track
A20: Recommendation | B20: =IF(B15>=85,"Keep up the excellent work! Aim for competitive exams.",IF(B15>=70,"Good performance. Focus on weak subjects.",IF(B15>=50,"Average performance. Increase study hours.",IF(B15>=40,"Risk of failure. Attend remedial classes urgently.","FAIL RISK — Immediate counselling & support required.")))) -> Good performance. Focus on weak subjects.
A22: ⚡ TIP: Change the input values in column B (yellow cells) — all predictions update automatically!

Sheet Insights
A1: 💡 KEY INSIGHTS & CONCLUSIONS
A3: 📊 INSIGHT 1 — Overall Pass Rate
A4: ="Out of "&COUNTA('Raw Data'!A3:A27)&" students, "&COUNTIF('Raw Data'!P3:P27,"PASS")&" passed ("&ROUND(COUNTIF('Raw Data'!P3:P27,"PASS")/25*100,1)&"%). "&COUNTIF('Raw Data'!P3:P27,"FAIL")&" students failed and require immediate attention." -> Out of 25 students, 23 passed (92%). 2 students failed and require immediate attention.
A6: 🏆 INSIGHT 2 — Top Performer
A7: ="The highest average score in the class is "&MAX('Raw Data'!N3:N27)&" marks. Top students are consistently above 90% in all subjects." -> The highest average score in the class is 97 marks. Top students are consistently above 90% in all subjects.
A9: ⚠ INSIGHT 3 — At-Risk Students
A10: =COUNTIF('Raw Data'!R3:R27,"⚠ At-Risk")&" students are flagged as At-Risk due to low attendance (<75%) or average marks below 50. Targeted intervention is recommended." -> 9 students are flagged as At-Risk due to low attendance (<75%) or average marks below 50. Targeted intervention is recommended.
A12: 📚 INSIGHT 4 — Study Hours Correlation
A13: ="Students categorized as Excellent study "&ROUND(AVERAGEIF('Raw Data'!Q3:Q27,"Excellent",'Raw Data'!K3:K27),1)&" hrs/day on average, vs "&ROUND(AVERAGEIF('Raw Data'!Q3:Q27,"Poor",'Raw Data'!K3:K27),1)&" hrs/day for Poor performers. More study hours = better results." -> Students categorized as Excellent study 8.7 hrs/day on average, vs 2 hrs/day for Poor performers. More study hours = better results.
A15: 🎯 INSIGHT 5 — Subject Performance
A16: ="Best class average is in Math ("&ROUND(AVERAGE('Raw Data'!E3:E27),1)&" marks) and Science ("&ROUND(AVERAGE('Raw Data'!F3:F27),1)&" marks). Social Studies has the most room for improvement." -> Best class average is in Math (69.8 marks) and Science (71.5 marks). Social Studies has the most room for improvement.
A18: 📌 INSIGHT 6 — Attendance Impact
A19: Students with attendance below 75% show a significant drop in average marks (typically 15-20 marks lower). Maintaining ≥85% attendance is strongly recommended for academic success.
A21: 📌 INSIGHT 7 — Gender Performance
A22: Female students in this dataset show a slightly higher average performance. However, individual effort and study hours remain the strongest predictors of success.
A24: 📌 INSIGHT 8 — Stream Analysis
A25: Engineering stream students show the highest average marks, followed by Science. Arts stream students need additional academic support.
A27: 🏁 CONCLUSION
A28: This analysis confirms that Study Hours, Attendance, and Subject Balance are the top 3 factors influencing student performance. Early identification of at-risk students and personalized intervention can significantly improve pass rates.

Sheet Formula Guide
A1: 📐 FORMULA REFERENCE GUIDE
A2: Formula Name | B2: Excel Formula | C2: Purpose / Logic
A3: Average Marks | B3: =ROUND(AVERAGE(E3:I3),1) | C3: Calculates mean of 5 subject scores
A4: Total Marks | B4: =SUM(E3:I3) | C4: Sum of all 5 subjects (max=500)
A5: Grade (A+ to F) | B5: =IF(N3>=90,"A+",IF(N3>=80,"A",IF(N3>=70,"B+",IF(N3>=60,"B",IF(N3>=50,"C",IF(N3>=40,"D","F")))))) | C5: Nested IF: maps avg to letter grade
A6: Pass/Fail | B6: =IF(AND(N3>=40,J3>=60),"PASS","FAIL") | C6: Pass only if avg≥40 AND attendance≥60%
A7: Performance Category | B7: =IF(N3>=85,"Excellent",IF(N3>=70,"Good",IF(N3>=50,"Average","Poor"))) | C7: 4-tier classification by avg marks
A8: At-Risk Flag | B8: =IF(OR(J3<75,N3<50),"⚠ At-Risk","Safe") | C8: Flag if attendance<75% or avg<50
A9: Count by Grade | B9: =COUNTIF(O3:O27,"A+") | C9: Count students with specific grade
A10: Avg by Performance | B10: =AVERAGEIF(Q3:Q27,"Excellent",N3:N27) | C10: Average marks for a performance tier
A11: Pass Percentage | B11: =COUNTIF(P3:P27,"PASS")/COUNTA(P3:P27)*100 | C11: Ratio of passing students
A12: Top Scorer | B12: =MAX(N3:N27) | C12: Highest average marks in class
A13: Below Average Count | B13: =COUNTIF(N3:N27,"<50") | C13: Students scoring below 50 average
... A16: Rank in Class | B16: =RANK(N3,N$3:N$27,0) | C16: Rank each student (1=highest)
